City,Lat,Lng,Max Temp,Humidity,Cloudiness,Wind Speed,Country,Date
edd,13.9297,41.6925,89.04,69,90,5.84,ER,1630975611
laguna,38.421,-121.4238,104.65,14,1,1.99,US,1630975611
cherskiy,68.75,161.3,33.89,83,100,17.6,RU,1630975611
anadyr,64.75,177.4833,41.5,70,75,11.18,RU,1630975613
komatsushima,34.0,134.5833,77.36,73,75,4.61,JP,1630975613
ponta do sol,38.7333,-28.2667,64.11,77,100,10.11,PT,1630975614
blagoyevo,63.3667,47.9167,33.12,97,66,5.46,RU,1630975614
mehamn,71.0357,27.8492,37.36,78,23,2.64,NO,1630975614
bambous virieux,-20.2567,57.4061,68.14,73,2,15.66,MU,1630975615
puerto ayora,36.5939,-6.233,84.31,65,20,10.36,ES,1630975615
east london,65.0,-15.0,46.15,91,100,3.49,IS,1630975616
khani,41.9563,42.9566,56.77,99,100,1.68,GE,1630975616
hithadhoo,-0.6,73.0833,82.8,71,100,10.56,MV,1630975616
jamestown,42.097,-79.2353,67.59,72,40,5.75,US,1630975524
new norfolk,6.6518,-10.5932,72.45,98,87,1.39,LR,1630975617
halifax,44.6453,-63.5724,66.42,93,100,8.01,CA,1630975559
nikolsk,53.7189,46.0712,36.46,85,63,5.37,RU,1630975618
hilo,19.7297,-155.09,85.28,68,40,10.36,US,1630975618
rikitea,-23.1203,-134.9692,73.9,71,48,7.25,PF,1630975619
toktogul,41.8708,72.9402,69.57,32,0,1.14,KG,1630975619
severo-kurilsk,50.6789,156.125,49.66,86,100,17.65,RU,1630975620
sabratah,32.7933,12.4885,78.78,67,0,6.96,LY,1630975620
busselton,-33.65,115.3333,68.04,69,0,12.97,AU,1630975620
punta arenas,8.9897,125.34,81.18,75,100,1.39,PH,1630975621
barre,44.197,-72.5021,62.47,43,1,4.61,US,1630975621
kavieng,-2.5744,150.7967,85.62,62,100,10.0,PG,1630975622
bidhuna,26.8022,79.5088,82.51,78,19,8.46,IN,1630975623
alta floresta,69.9689,23.2717,43.84,94,90,3.44,NO,1630975623
sudak,44.85,34.9667,55.71,56,0,10.11,UA,1630975624
bredasdorp,-34.5322,20.0403,40.32,87,0,1.14,ZA,1630975624
butaritari,3.0707,172.7902,83.62,72,25,13.67,KI,1630975625
torrelavega,43.3494,-4.0479,82.8,78,100,7.34,ES,1630975625
naze,28.3667,129.4833,79.72,83,100,7.14,JP,1630975626
orel-izumrud,43.4583,39.9244,60.82,82,20,6.71,RU,1630975626
gualaquiza,-3.4,-78.55,60.91,97,95,1.23,EC,1630975627
faanui,-16.4833,-151.75,78.85,70,6,13.73,PF,1630975627
ust-kuyga,70.0167,135.6,40.05,71,100,10.8,RU,1630975628
marica,-22.9194,-42.8186,71.76,86,100,4.56,BR,1630975628
arinos,-15.9169,-46.1056,78.04,27,0,1.3,BR,1630975629
souillac,-20.5167,57.5167,69.37,83,75,14.97,MU,1630975629
mahebourg,-20.4081,57.7,69.26,83,75,14.97,MU,1630975630
khatanga,71.9667,102.5,56.17,62,92,8.7,RU,1630975630
kolpashevo,58.3131,82.9089,49.06,81,7,5.57,RU,1630975630
vaini,-21.2,-175.2,80.76,83,20,9.22,TO,1630975631
tura,25.5198,90.2201,72.95,98,100,3.47,IN,1630975631
hobart,-42.8794,147.3294,55.26,55,40,5.99,AU,1630975631
thompson,55.7435,-97.8558,66.36,63,75,3.44,CA,1630975335
dillon,34.4166,-79.3712,82.74,76,87,2.75,US,1630975632
lebu,-37.6167,-73.65,47.53,88,100,5.59,CL,1630975632
salalah,17.0151,54.0924,78.89,94,90,6.91,OM,1630975633
coquimbo,-29.9533,-71.3436,55.13,82,0,9.22,CL,1630975631
hermanus,-34.4187,19.2345,47.89,76,0,8.72,ZA,1630975633
ribeira grande,42.7461,-8.4439,66.6,94,75,2.3,ES,1630975634
westport,41.1415,-73.3579,76.98,69,1,4.0,US,1630975634
iralaya,15.0,-83.2333,80.69,85,100,12.41,HN,1630975634
olga,43.7444,135.2892,68.07,70,100,2.48,RU,1630975635
kalengwa,-13.4659,25.0027,60.17,35,0,4.65,ZM,1630975635
castro,-24.7911,-50.0119,57.52,95,5,8.88,BR,1630975636
iqaluit,63.7506,-68.5145,44.33,76,75,16.11,CA,1630975636
saint-philippe,-21.3585,55.7679,67.55,80,62,13.85,RE,1630975637
komsomolskiy,40.4272,71.7189,68.72,45,0,6.91,UZ,1630975637
cape town,-36.413,-71.9028,45.82,95,32,5.12,CL,1630975638
akureyri,65.6835,-18.0878,48.13,100,90,0.0,IS,1630975638
moron,-34.6534,-58.6198,59.99,95,100,5.99,AR,1630975638
kruisfontein,-34.0033,24.7314,49.89,89,100,3.47,ZA,1630975639
nikolskoye,59.7035,30.7861,53.49,99,100,4.03,RU,1630975639
tessalit,20.1986,1.0114,88.9,11,0,7.11,ML,1630975640
asyut,27.181,31.1837,78.98,41,1,9.13,EG,1630975640
atuona,-9.8,-139.0333,78.37,71,0,16.04,PF,1630975640
guerrero negro,17.6667,-100.0,67.69,95,100,4.21,MX,1630975515
panaba,21.2833,-88.2667,76.77,89,99,7.27,MX,1630975642
mandera,3.9366,41.867,76.96,61,100,16.35,KE,1630975642
esperance,-33.8667,121.9,58.84,49,0,20.56,AU,1630975643
katherine,-14.4667,132.2667,77.32,16,5,16.11,AU,1630975643
port alfred,-7.0349,29.7638,75.54,43,7,5.64,CD,1630975644
taitung,22.7583,121.1444,88.07,58,20,1.14,TW,1630975644
mataura,-46.1927,168.8643,47.48,96,100,5.03,NZ,1630975644
itarema,-2.9248,-39.9167,78.1,81,18,17.47,BR,1630975645
ushuaia,-54.8,-68.3,44.26,70,40,8.05,AR,1630975645
luderitz,-26.6481,15.1594,51.53,61,0,15.3,NA,1630975646
madaoua,14.073,5.96,82.98,61,93,15.17,NE,1630975646
pangody,65.85,74.4859,42.12,80,100,14.07,RU,1630975647
fortuna,40.5982,-124.1573,67.86,76,1,3.0,US,1630975647
kandrian,-6.2167,149.55,78.24,90,100,11.9,PG,1630975647
ust-ilimsk,58.0006,102.6619,43.56,69,98,1.16,RU,1630975648
honiara,-9.4333,159.95,82.87,75,85,5.19,SB,1630975567
kodiak,57.79,-152.4072,56.19,79,59,8.57,US,1630975649
erenhot,43.6475,111.9767,64.69,43,2,7.34,CN,1630975588
bluff,-46.6,168.3333,47.8,92,100,18.1,NZ,1630975649
carauari,-4.8828,-66.8958,77.85,82,62,2.39,BR,1630975650
merida,20.9667,-89.6167,77.02,88,90,0.0,MX,1630975564
georgetown,5.4112,100.3354,84.13,86,20,3.44,MY,1630975650
rio grande,38.3,21.7833,69.71,53,0,9.08,GR,1630975651
ketchikan,55.3422,-131.6461,57.67,88,90,6.91,US,1630975651
arraial do cabo,-22.8362,-46.646,65.61,94,12,8.79,BR,1630975651
chulumani,-16.4096,-67.5263,64.8,90,99,1.28,BO,1630975652
coahuayana,18.7333,-103.6833,77.34,92,100,4.07,MX,1630975652
dikson,73.5069,80.5464,43.23,89,100,21.88,RU,1630975653
mareeba,-17.0,145.4333,74.12,70,30,10.49,AU,1630975653
esna,25.2934,32.554,84.22,32,0,13.91,EG,1630975653
korla,41.7597,86.1469,73.49,27,0,0.94,CN,1630975654
coruripe,-10.1256,-36.1756,73.53,81,47,8.08,BR,1630975654
ola,59.5833,151.2833,53.96,46,28,4.38,RU,1630975655
airai,-8.9266,125.4092,68.68,55,11,6.38,TL,1630975655
khandbari,27.3747,87.2039,73.58,85,88,0.34,NP,1630975656
victoria,22.2855,114.1577,86.32,80,51,1.01,HK,1630975515
emba,48.8264,58.1442,60.1,70,97,6.55,KZ,1630975656
lahaina,20.8783,-156.6825,84.2,69,15,7.54,US,1630975640
atasu,48.6814,71.6433,57.09,48,0,6.2,KZ,1630975657
fare,-16.7,-151.0167,78.57,73,10,14.12,PF,1630975657
yellowknife,62.456,-114.3525,63.12,67,20,14.97,CA,1630975658
namibe,-15.1961,12.1522,63.32,89,87,5.46,AO,1630975658
narsaq,60.9167,-46.05,43.02,74,24,1.59,GL,1630975659
dakar,14.6937,-17.4441,84.33,79,40,4.61,SN,1630975659
oussouye,12.485,-16.5469,82.58,88,91,8.05,SN,1630975659
dunedin,-45.8742,170.5036,57.85,63,18,3.42,NZ,1630975660
aswan,24.0934,32.907,88.9,25,0,13.8,EG,1630975660
bobo dioulasso,12.2858,6.1451,74.64,84,100,7.83,NG,1630975660
codrington,-38.2667,141.9667,55.44,78,100,15.41,AU,1630975661
saint-augustin,51.226,-58.6502,55.8,88,99,8.12,CA,1630975661
manono,-7.3,27.4167,74.95,42,8,1.5,CD,1630975662
tuktoyaktuk,69.4541,-133.0374,42.8,87,90,21.85,CA,1630975662
upernavik,72.7868,-56.1549,29.59,71,100,10.56,GL,1630975663
broome,42.2506,-75.833,61.7,93,0,3.4,US,1630975663
oranjemund,-28.55,16.4333,49.64,73,0,10.58,NA,1630975664
faya,18.3851,42.4509,66.31,36,88,4.09,SA,1630975664
kapaa,22.0752,-159.319,86.32,66,1,1.99,US,1630975540
pisco,-13.7,-76.2167,63.01,77,0,13.8,PE,1630975665
biak,-0.9131,122.8766,78.57,76,100,9.15,ID,1630975665
mar del plata,43.4002,-4.0094,83.01,81,0,0.0,ES,1630975666
kondoa,-4.9,35.7833,55.49,92,8,5.37,TZ,1630975666
tiksi,71.6872,128.8694,39.24,81,100,13.31,RU,1630975666
hambantota,6.1241,81.1185,79.14,100,75,6.91,LK,1630975667
geraldton,-28.7667,114.6,67.12,39,0,10.36,AU,1630975667
sitka,57.0531,-135.33,58.89,82,90,3.44,US,1630975668
klaksvik,62.2266,-6.589,56.32,96,100,15.66,FO,1630975668
zabid,14.1951,43.3152,87.6,69,100,9.4,YE,1630975668
bereda,43.2686,-7.5406,63.91,92,14,0.94,ES,1630975669
salinopolis,-0.6136,-47.3561,79.05,82,89,9.98,BR,1630975669
alofi,-19.0595,-169.9187,84.09,70,40,9.22,NU,1630975670
albany,42.6001,-73.9662,64.9,78,0,5.12,US,1630975481
husavik,66.0449,-17.3389,48.11,93,100,10.04,IS,1630975670
vardo,70.3705,31.1107,40.15,69,41,11.52,NO,1630975670
mys shmidta,62.0589,48.6201,35.8,98,100,5.32,RU,1630975671
cabo san lucas,-8.2833,-35.0333,75.13,76,73,5.46,BR,1630975671
lucea,18.451,-78.1736,84.06,81,5,11.48,JM,1630975672
tasiilaq,65.6145,-37.6368,42.96,92,62,3.56,GL,1630975672
bethel,41.3712,-73.414,72.48,75,1,1.01,US,1630975672
cidreira,-30.1811,-50.2056,62.69,84,100,20.83,BR,1630975673
panzhihua,26.5851,101.7128,66.18,93,96,3.15,CN,1630975674
beaverlodge,55.2166,-119.4361,63.75,45,100,16.22,CA,1630975674
liverpool,53.4106,-2.9779,61.99,88,70,2.3,GB,1630975674
college,64.8569,-147.8028,55.65,59,75,4.61,US,1630975675
amurzet,47.6967,131.0981,67.37,52,100,3.76,RU,1630975675
bay roberts,43.7334,-84.0166,69.98,74,27,6.51,US,1630975676
carmen,18.6333,-91.8333,84.24,74,75,6.91,MX,1630975416
kaeo,-35.1,173.7833,60.33,94,100,10.38,NZ,1630975677
atar,20.5169,-13.0499,93.11,22,13,7.2,MR,1630975677
ancud,-41.8697,-73.8203,45.93,90,60,6.69,CL,1630975677
along,28.1667,94.7667,75.74,97,98,1.16,IN,1630975678
trincomalee,8.5711,81.2335,80.44,77,100,22.1,LK,1630975678
bubaque,11.2833,-15.8333,79.93,84,100,11.07,GW,1630975679
kidal,18.4411,1.4078,90.07,11,7,6.44,ML,1630975679
pangnirtung,66.1451,-65.7125,40.6,80,8,3.2,CA,1630975679
chokurdakh,70.6333,147.9167,36.32,69,100,19.55,RU,1630975680
sandpoint,48.2766,-116.5533,81.61,26,1,8.05,US,1630975680
bandarbeyla,9.4942,50.8122,76.98,82,98,24.05,SO,1630975680
baculin,7.4525,126.5842,85.51,64,100,2.19,PH,1630975681
camacha,33.0833,-16.3333,71.02,78,20,8.05,PT,1630975681
namatanai,-3.6667,152.4333,85.57,62,68,5.95,PG,1630975682
port-cartier,50.0334,-66.8654,57.42,98,100,5.95,CA,1630975682
aykhal,66.0,111.5,54.39,36,4,0.94,RU,1630975682
pandan,14.0453,124.1694,81.86,85,100,12.91,PH,1630975683
kakonko,-3.2828,30.9642,67.8,62,86,2.39,TZ,1630975683
waddan,29.1614,16.139,77.86,66,0,6.06,LY,1630975683
itoman,26.1247,127.6694,84.58,79,40,2.3,JP,1630975684
pevek,69.7008,170.3133,31.6,95,100,5.59,RU,1630975684
marfino,55.7028,37.3822,45.88,93,75,8.95,RU,1630975685
torbay,47.6666,-52.7314,53.58,91,75,11.5,CA,1630975395
high level,33.6123,-95.7472,85.64,50,0,6.24,US,1630975685
otukpo,7.1913,8.1329,71.74,95,100,3.83,NG,1630975686
manikpur,25.0667,81.1167,78.46,90,54,7.45,IN,1630975687
abu jubayhah,24.6,72.7,70.18,83,100,2.21,IN,1630975687
talcahuano,-36.7167,-73.1167,46.08,93,40,8.05,CL,1630975687
port blair,-7.0349,29.7638,75.54,43,7,5.64,CD,1630975644
qaanaaq,77.484,-69.3632,14.05,65,100,7.76,GL,1630975688
tokur,53.1333,132.9,64.13,69,100,2.48,RU,1630975688
ringebu,61.5167,10.1667,51.53,87,100,4.03,NO,1630975689
vila franca do campo,42.0304,-8.1588,58.33,87,7,4.61,PT,1630975689
nanortalik,60.1432,-45.2371,41.41,87,10,13.89,GL,1630975690
inhambane,-23.865,35.3833,69.6,92,7,5.95,MZ,1630975690
grand river south east,38.8755,-109.5012,91.58,16,0,5.35,US,1630975690
avarua,-21.2078,-159.775,77.05,69,90,17.27,CK,1630975691
semey,50.4111,80.2275,59.22,63,0,4.47,KZ,1630975691
ambilobe,-13.2,49.05,71.17,75,55,6.42,MG,1630975692
sorong,-0.8833,131.25,83.08,73,100,7.14,ID,1630975692
bon accord,50.7333,7.1,64.09,90,0,2.3,DE,1630975693
bang saphan,9.8732,13.9831,71.01,91,81,4.99,CM,1630975693
touros,-5.1989,-35.4608,76.1,77,75,13.02,BR,1630975693
ishigaki,24.3448,124.1572,84.33,79,40,5.75,JP,1630975694
point pleasant,-29.8647,31.0413,59.97,96,100,4.0,ZA,1630975694
port keats,-7.0349,29.7638,75.54,43,7,5.64,CD,1630975695
panama city,9.0,-80.0,80.06,96,99,1.54,PA,1630975541
norman wells,35.2226,-97.4395,90.01,52,1,10.36,US,1630975424
innisfail,-17.5333,146.0333,70.25,74,100,15.41,AU,1630975696
manuk mangkaw,-7.903,111.5033,82.78,67,66,5.44,ID,1630975697
kupino,54.3663,77.2981,50.47,60,12,6.85,RU,1630975698
puerto del rosario,36.5939,-6.233,84.31,65,20,10.36,ES,1630975699
gopalganj,26.4667,84.4333,80.58,85,100,11.9,IN,1630975699
kirakira,-10.4544,161.9205,81.7,78,59,8.77,SB,1630975699
manta,-0.95,-80.7333,74.98,83,75,10.36,EC,1630975700
angoram,-4.0625,144.0661,84.65,75,83,4.68,PG,1630975700
karaman,37.0833,33.25,52.99,62,0,5.41,TR,1630975701
nyurba,63.2842,118.3319,49.75,65,100,7.58,RU,1630975702
puerto escondido,36.5939,-6.233,84.31,65,20,10.36,ES,1630975615
nome,64.5011,-165.4064,49.15,93,90,20.71,US,1630975702
ilulissat,69.2167,-51.1,35.62,69,20,3.44,GL,1630975703
bengkulu,-3.8004,102.2655,76.55,89,63,5.03,ID,1630975703
san quintin,13.3034,-4.8956,79.29,65,11,2.26,ML,1630975704
inuvik,68.3499,-133.7218,45.61,78,75,9.22,CA,1630975704
tezu,27.9167,96.1667,77.7,90,100,2.51,IN,1630975704
grindavik,63.8424,-22.4338,48.67,93,90,4.61,IS,1630975705
baruun-urt,46.6806,113.2792,54.27,59,50,8.46,MN,1630975705
saldanha,-33.0117,17.9442,46.45,74,0,13.02,ZA,1630975706
bella union,40.7609,15.5406,63.03,83,100,3.2,IT,1630975706
ambatondrazaka,-17.8333,48.4167,59.47,87,94,4.07,MG,1630975707
lunca ilvei,43.8333,24.7667,56.08,62,0,6.64,RO,1630975707
omsukchan,62.5333,155.8,41.16,88,100,5.23,RU,1630975708
rundu,-17.9333,19.7667,70.11,27,37,2.26,NA,1630975709
loa janan,38.4028,-111.643,82.58,20,0,7.0,US,1630975709
saint-leu,-21.15,55.2833,67.03,70,66,0.74,RE,1630975710
misratah,32.3754,15.0925,79.88,69,0,12.88,LY,1630975710
hasaki,35.7333,140.8333,71.89,59,98,17.18,JP,1630975711
verkhnyaya inta,60.9844,40.2072,42.49,83,100,9.44,RU,1630975712
balad,34.0164,44.1453,89.58,16,0,7.96,IQ,1630975713
lasa,46.6166,10.7002,57.02,90,51,2.04,IT,1630975713
fairbanks,64.8378,-147.7164,55.36,62,20,3.44,US,1630975553
nikolayevskaya,47.6139,41.5023,50.07,43,100,5.03,RU,1630975714
leh,34.1667,77.5833,59.04,35,1,4.54,IN,1630975714
artyom,40.4723,50.333,71.74,70,1,31.85,AZ,1630975715
liku,-0.7275,119.8922,83.05,70,69,1.23,ID,1630975716
olafsvik,64.8945,-23.7142,50.0,76,100,10.49,IS,1630975716
buraydah,26.326,43.975,84.65,16,90,2.84,SA,1630975717
atambua,-9.1061,124.8925,80.38,56,21,8.88,ID,1630975718
jaciara,-15.9653,-54.9683,84.2,26,7,3.15,BR,1630975718
marawi,7.9986,124.2928,68.65,92,100,6.06,PH,1630975719
mahajanga,-15.7167,46.3167,71.62,64,20,3.44,MG,1630975719
unai,-16.3575,-46.9061,80.04,25,3,1.03,BR,1630975719
provideniya,64.3833,-173.3,42.91,75,75,13.42,RU,1630975720
port hedland,-7.0349,29.7638,75.54,43,7,5.64,CD,1630975720
avera,33.194,-82.5271,82.27,70,100,4.65,US,1630975721
fukue,32.6881,128.8419,80.96,94,75,6.91,JP,1630975721
coihaique,-45.5752,-72.0662,42.75,70,0,0.0,CL,1630975722
polaniec,50.4332,21.2812,47.79,79,82,3.4,PL,1630975722
boyolangu,-8.1181,111.8935,80.02,76,61,6.8,ID,1630975722
mount isa,53.6597,-1.8537,60.67,60,22,1.68,GB,1630975723
marzuq,14.4,46.4667,78.42,58,99,4.52,YE,1630975724
flin flon,48.4982,6.6557,68.27,75,100,1.74,FR,1630975725
vildbjerg,56.2,8.7667,52.48,93,100,4.5,DK,1630975725
tshikapa,-6.4167,20.8,76.44,57,7,3.04,CD,1630975725
meulaboh,4.1363,96.1285,77.14,88,89,4.7,ID,1630975726
bidar,17.9,77.55,70.05,98,100,11.56,IN,1630975726
krasnoselkup,65.7,82.4667,42.98,84,8,11.14,RU,1630975727
aberdeen,57.1437,-2.0981,63.82,94,39,1.14,GB,1630975727
sao gabriel da cachoeira,20.5113,76.2129,71.31,97,100,5.5,IN,1630975727
tirumullaivasal,11.2333,79.8333,79.99,69,100,15.41,IN,1630975728
teahupoo,-17.8333,-149.2667,78.76,74,15,13.4,PF,1630975728
sao joao da barra,20.5113,76.2129,71.31,97,100,5.5,IN,1630975729
manbij,36.5281,37.9549,72.37,78,0,10.67,SY,1630975729
kuandian,40.7286,124.7847,59.79,91,100,6.98,CN,1630975729
harper,4.375,-7.7169,75.85,88,61,7.02,LR,1630975730
marsa matruh,35.8792,14.4953,77.81,73,40,6.91,MT,1630975730
eureka,40.8021,-124.1637,68.13,76,100,1.01,US,1630975731
darhan,49.4867,105.9228,42.94,78,100,3.65,MN,1630975731
hinton,53.4001,-117.5857,66.24,43,98,6.17,CA,1630975732
port elizabeth,-7.0349,29.7638,75.54,43,7,5.64,CD,1630975720
vilhena,-12.7406,-60.1458,82.17,40,100,3.27,BR,1630975732
sharkan,57.2989,53.8712,37.17,86,100,4.25,RU,1630975732
hamilton,39.1834,-84.5333,77.77,63,1,8.05,US,1630975473
atchison,39.563,-95.1216,84.43,75,0,11.03,US,1630975733
gambela,8.25,34.5833,67.57,84,65,3.11,ET,1630975733
barcelos,41.5388,-8.6151,69.85,91,68,3.96,PT,1630975734
half moon bay,6.3807,-10.6953,74.71,93,77,2.48,LR,1630975734
hurghada,27.2574,33.8129,84.24,42,0,18.41,EG,1630975735
ohara,35.25,140.3833,73.26,58,100,15.19,JP,1630975735
katobu,-4.9408,122.5276,83.44,63,15,9.84,ID,1630975735
san carlos de bariloche,13.3034,-4.8956,79.29,65,11,2.26,ML,1630975704
skibotn,69.3913,20.2679,48.29,91,100,4.45,NO,1630975736
palmas de monte alto,-10.2128,-48.3603,84.07,61,40,5.75,BR,1630975736
lillooet,50.6856,-121.942,77.72,39,93,4.59,CA,1630975737
darnah,32.767,22.6367,75.45,72,0,10.07,LY,1630975737
qaqortoq,60.7167,-46.0333,43.3,80,52,3.96,GL,1630975738
turukhansk,65.8167,87.9833,49.6,89,69,7.52,RU,1630975738
paita,-5.0892,-81.1144,64.38,86,77,16.82,PE,1630975739
lafia,8.4833,8.5167,71.98,98,100,1.45,NG,1630975739
galveston,29.3669,-94.9669,89.15,75,1,8.05,US,1630975493
kota tinggi,25.1833,75.8333,81.45,82,100,2.98,IN,1630975739
ukiah,39.1502,-123.2078,100.44,15,1,8.05,US,1630975740
flinders,-34.5833,150.8552,69.06,34,0,7.0,AU,1630975740
planaltina,-15.4528,-47.6142,77.29,27,2,3.83,BR,1630975741
clyde river,41.3042,-82.9752,71.55,70,15,6.62,US,1630975741
muisne,0.6,-80.0333,75.2,86,100,5.17,EC,1630975742
cayenne,4.9333,-52.3333,82.09,84,75,1.99,GF,1630975646
vologda,59.2187,39.8886,36.75,94,19,7.94,RU,1630975742
lokosovo,61.1333,74.8167,44.17,76,95,7.47,RU,1630975743
barrow,71.2906,-156.7887,39.22,70,90,5.75,US,1630975743
shelburne,44.0787,-80.2041,61.27,84,0,8.01,CA,1630975744
sungaipenuh,-2.0833,101.3833,65.98,95,97,1.19,ID,1630975744
zhangye,38.9342,100.4517,69.06,27,0,5.08,CN,1630975744
arkadak,51.9326,43.4978,42.78,73,100,5.53,RU,1630975745
lapas,38.1,21.4167,69.82,49,20,0.0,GR,1630975746
oktyabrskoye,43.0645,44.7417,50.14,100,100,4.47,RU,1630975746
pedro juan caballero,-18.9904,-47.1415,82.24,27,2,4.07,BR,1630975747
fort nelson,52.6517,6.3861,61.95,85,100,3.56,NL,1630975747
tabuk,17.4189,121.4443,81.61,78,54,1.59,PH,1630975747
vostok,46.4856,135.8833,69.31,51,100,1.34,RU,1630975748
chake chake,23.86,103.046,64.78,90,78,5.17,CN,1630975749
zanjan,36.6736,48.4787,59.38,79,0,7.78,IR,1630975749
barra patuca,-11.0894,-43.1417,81.84,41,24,7.09,BR,1630975749
takanabe,32.1333,131.5,80.49,76,100,3.96,JP,1630975750
torata,-17.0769,-70.8433,57.02,48,100,1.05,PE,1630975750
san patricio,13.3034,-4.8956,79.29,65,11,2.26,ML,1630975704
nara,34.6851,135.8049,78.17,60,92,2.77,JP,1630975751
arrifes,37.7667,-25.7,68.25,78,20,6.91,PT,1630975751
kaitangata,-46.2817,169.8464,56.28,65,100,0.65,NZ,1630975752
mahibadhoo,3.7833,72.9667,81.88,77,100,14.12,MV,1630975752
montepuez,-13.1256,38.9997,63.77,93,52,2.82,MZ,1630975752
uray,60.1247,64.7758,37.47,92,12,5.1,RU,1630975753
cap malheureux,49.2718,-1.2104,69.85,65,0,6.98,FR,1630975753
constitucion,-35.3333,-72.4167,48.7,83,0,2.64,CL,1630975471
carnarvon,-24.8667,113.6333,66.27,59,9,0.0,AU,1630975754
longyearbyen,78.2186,15.6401,37.24,60,75,13.8,SJ,1630975754
naryan-mar,67.6713,53.087,42.49,93,100,14.14,RU,1630975755
jalu,29.0331,21.5482,81.52,44,0,14.12,LY,1630975755
sept-iles,50.2001,-66.3821,57.72,96,90,1.01,CA,1630975489
paamiut,61.994,-49.6678,41.76,65,19,4.14,GL,1630975756
pueblo,38.2545,-104.6091,94.71,18,1,1.99,US,1630975666
zhigalovo,54.8097,105.1578,40.93,79,99,2.24,RU,1630975756
bilma,18.6853,12.9164,87.3,38,10,1.88,NE,1630975757
fereydun kenar,34.3667,46.9167,61.75,20,0,1.01,IR,1630975757
havoysund,70.9963,24.6622,43.68,79,100,9.53,NO,1630975757
manggar,-2.8833,108.2667,77.49,87,100,5.28,ID,1630975758
las vegas,49.7393,19.4295,54.75,84,100,5.19,PL,1630975758
letlhakane,-21.4167,25.5833,67.39,21,36,3.24,BW,1630975758
kavaratti,10.5669,72.642,81.52,80,100,17.74,IN,1630975759
sonoita,31.85,-112.8333,100.53,40,14,15.61,MX,1630975759
karpathos,35.507,27.2132,74.61,74,0,10.58,GR,1630975760
khandyga,62.6667,135.6,55.06,51,1,2.17,RU,1630975760
quelimane,-17.8786,36.8883,73.35,88,0,5.75,MZ,1630975760
olavarria,-36.8927,-60.3225,52.99,90,99,16.2,AR,1630975761
bathsheba,13.2167,-59.5167,81.21,78,20,4.61,BB,1630975761
curup,-3.4667,102.5333,72.1,91,55,0.92,ID,1630975761
maumere,-8.6199,122.2111,82.92,66,12,5.95,ID,1630975493
maceio,-9.6658,-35.7353,72.84,100,20,4.61,BR,1630975568
chuy,-33.6971,-53.4616,55.56,86,100,13.35,UY,1630975762
knysna,-34.0363,23.0471,52.18,73,100,3.78,ZA,1630975763
tupik,54.4253,119.9327,50.49,78,100,1.54,RU,1630975763
pokhara,28.2333,83.9833,71.1,95,100,4.29,NP,1630975763
hovd,48.0056,91.6419,61.23,37,19,5.46,MN,1630975764
hay river,52.0705,-3.1274,65.62,88,71,0.96,GB,1630975764
solnechnyy,50.7214,136.6319,67.66,69,100,3.69,RU,1630975765
evensk,61.95,159.2333,52.12,57,90,7.02,RU,1630975765
portland,45.5234,-122.6762,86.41,33,20,1.99,US,1630975566
singaraja,-8.112,115.0882,83.32,67,31,0.47,ID,1630975765
kirs,59.3388,52.2447,32.31,98,61,5.64,RU,1630975766
hami,42.8,93.45,77.95,17,0,6.02,CN,1630975634
ullapool,57.8987,-5.1604,64.35,97,100,5.75,GB,1630975766
miracema do tocantins,-21.4122,-42.1967,71.8,77,48,5.86,BR,1630975767
ahipara,-35.1667,173.1667,57.36,95,100,8.88,NZ,1630975767
buchanan,5.8808,-10.0467,75.67,91,52,3.24,LR,1630975768
gainesville,29.6516,-82.3248,80.71,87,1,3.44,US,1630975643
sao filipe,20.5113,76.2129,71.31,97,100,5.5,IN,1630975768
bitung,1.4451,125.1824,79.65,79,100,9.15,ID,1630975769
kharp,66.8014,65.8081,38.95,95,99,9.84,RU,1630975769
isangel,-19.55,169.2667,78.91,73,40,9.22,VU,1630975770
kenora,49.8167,-94.4337,67.17,77,75,6.91,CA,1630975770
vallam,10.7167,79.0833,80.65,66,100,9.95,IN,1630975771
baykit,61.67,96.37,49.96,70,100,0.78,RU,1630975771
saskylakh,71.9167,114.0833,45.32,76,83,11.21,RU,1630975772
ulladulla,-35.35,150.4667,68.88,43,0,6.2,AU,1630975772
nuuk,64.1835,-51.7216,38.01,93,90,10.36,GL,1630975772
talnakh,69.4865,88.3972,50.29,87,83,7.94,RU,1630975773
kyshtovka,56.555,76.6271,45.99,65,87,4.76,RU,1630975773
galle,6.0367,80.217,78.82,87,100,12.1,LK,1630975774
lerwick,60.1545,-1.1494,57.2,96,95,19.46,GB,1630975774
ihtiman,42.4333,23.8167,53.38,91,11,2.17,BG,1630975774
wabag,-5.4781,143.7021,60.76,93,95,2.06,PG,1630975775
deniliquin,-35.5333,144.9667,55.0,52,23,12.46,AU,1630975775
acapulco,16.8634,-99.8901,82.22,83,75,2.3,MX,1630975561
lubumbashi,-11.6609,27.4794,62.04,38,0,3.36,CD,1630975776
gorontalo,0.5412,123.0595,81.36,79,100,3.69,ID,1630975776
nouadhibou,20.931,-17.0347,71.58,94,75,20.71,MR,1630975777
rocha,-34.4833,-54.3333,53.89,88,100,11.41,UY,1630975777
tutoia,-2.7619,-42.2744,79.12,80,23,11.59,BR,1630975777
razdolnoye,43.55,131.9167,66.61,77,100,11.48,RU,1630975778
tynda,55.1667,124.7167,60.31,91,100,10.54,RU,1630975778
linqiong,30.4159,103.4609,71.42,72,100,2.82,CN,1630975779
nelson bay,-41.2833,173.2833,57.43,92,21,4.0,NZ,1630975516
kahului,20.8947,-156.47,84.22,58,20,21.85,US,1630975779
tanout,14.9709,8.8879,84.74,54,100,17.11,NE,1630975780
uzhur,55.3036,89.8339,53.24,74,1,0.69,RU,1630975780
katyuzhanka,50.806,30.1376,48.65,67,20,1.95,UA,1630975780
padang,-0.9492,100.3543,73.45,91,98,5.48,ID,1630975781
lumberton,34.6182,-79.0086,82.71,66,95,3.6,US,1630975715
ayan,56.45,138.1667,61.81,48,8,4.36,RU,1630975781
astana,51.1801,71.446,48.15,66,0,8.95,KZ,1630975782
maragogi,-9.0122,-35.2225,74.7,76,37,6.89,BR,1630975782
hun,29.1268,15.9477,78.13,63,0,6.82,LY,1630975783
amboise,47.4125,0.9827,68.54,73,0,9.22,FR,1630975783
beyneu,45.3167,55.2,68.25,54,83,11.92,KZ,1630975784
berlevag,70.8578,29.0864,39.25,72,22,4.88,NO,1630975784
malatya,38.5,38.0,57.25,44,0,5.75,TR,1630975784
povenets,62.8487,34.8262,47.48,80,100,9.98,RU,1630975785
rathangan,53.2214,-6.995,59.22,97,63,4.34,IE,1630975785
tzucacab,20.0667,-89.05,74.43,98,100,2.15,MX,1630975786
phalombe,-15.8064,35.6507,66.04,52,0,3.67,MW,1630975786
yunyang,33.4474,112.7142,71.01,80,100,1.36,CN,1630975787
northam,51.0333,-4.2167,68.02,92,0,7.23,GB,1630975787
benguela,-12.5763,13.4055,70.47,89,45,3.62,AO,1630975787
haapiti,-17.5667,-149.8667,83.93,71,30,12.35,PF,1630975788
tsimlyansk,47.6461,42.1019,49.3,44,100,1.7,RU,1630975788
tual,-5.6667,132.75,80.67,78,37,25.3,ID,1630975789
san lawrenz,13.3034,-4.8956,79.29,65,11,2.26,ML,1630975704
fougamou,-1.2154,10.5838,71.73,92,95,1.72,GA,1630975789
shaoxing,30.011,120.5715,78.75,86,100,5.97,CN,1630975790
jumla,29.2747,82.1838,61.93,96,94,1.59,NP,1630975790
sao geraldo do araguaia,20.5113,76.2129,71.31,97,100,5.5,IN,1630975729
amuntai,-2.4177,115.2494,76.05,92,100,0.34,ID,1630975791
hobyo,5.3505,48.5268,76.89,85,100,20.58,SO,1630975791
tamandare,-8.7597,-35.1047,74.35,77,47,6.46,BR,1630975791
chunhuhub,19.55,-88.6833,75.13,96,100,2.82,MX,1630975792
lagoa,39.05,-27.9833,68.2,80,100,13.04,PT,1630975792
fengkou,30.0833,113.2667,74.98,81,35,9.98,CN,1630975793
haukipudas,65.1765,25.3523,46.45,86,100,5.41,FI,1630975793
ajdabiya,30.7554,20.2263,76.06,62,0,7.67,LY,1630975793
lavrentiya,65.5833,-171.0,38.7,89,100,1.97,RU,1630975794
belaya gora,49.029,25.7706,47.35,62,9,6.53,UA,1630975794
kalabo,-14.97,22.6814,65.35,27,0,5.77,ZM,1630975795
qandala,11.472,49.8728,89.44,54,100,3.0,SO,1630975795
kemijarvi,66.7131,27.4306,45.95,95,100,2.84,FI,1630975795
dargaville,-35.9333,173.8833,58.87,91,100,9.01,NZ,1630975796
aklavik,68.2191,-135.0107,45.43,78,100,11.88,CA,1630975796
gulabpura,25.9,74.6667,81.34,78,98,3.47,IN,1630975797
saint-joseph,-21.3667,55.6167,66.56,77,32,13.65,RE,1630975797
george town,-33.963,22.4617,49.55,87,90,3.44,ZA,1630975798
kirishi,59.4471,32.0205,45.39,99,100,4.03,RU,1630975798
inta,66.0317,60.1659,39.09,96,100,21.68,RU,1630975798
labuhan,-6.8844,112.2051,82.29,69,47,7.09,ID,1630975799
cockburn town,-32.0833,141.0,56.32,54,7,9.01,AU,1630975799
manicore,-5.8092,-61.3003,75.99,78,8,2.21,BR,1630975800
kuito,-12.3833,16.9333,60.12,70,46,6.11,AO,1630975800
tarsus,36.9188,34.8784,75.07,77,0,2.59,TR,1630975801
vanavara,60.34,102.2797,39.87,94,100,1.68,RU,1630975801
japura,-0.3167,102.35,77.34,88,74,2.24,ID,1630975801
necochea,-38.5473,-58.7368,50.04,77,100,12.53,AR,1630975802
kysyl-syr,63.8986,122.7617,53.76,50,47,3.87,RU,1630975803
kaele,10.1092,14.4508,70.68,92,52,6.96,CM,1630975804
lakes entrance,61.6071,-149.3086,60.4,75,90,1.99,US,1630975804
alberton,46.8168,-64.0654,62.73,97,100,14.74,CA,1630975804
tautira,-17.7333,-149.15,84.22,74,15,13.13,PF,1630975805
khonsa,27.0167,95.5667,72.66,80,94,2.37,IN,1630975805
lorengau,-2.0226,147.2712,83.73,74,14,9.22,PG,1630975806
gat,31.61,34.7642,75.88,73,1,3.98,IL,1630975801
leiva,1.9339,-77.3025,65.03,90,93,1.83,CO,1630975806
mtambile,-5.3833,39.7,74.25,80,18,8.21,TZ,1630975807
port hardy,-7.0349,29.7638,75.54,43,7,5.64,CD,1630975644
bunia,1.5667,30.25,62.24,85,69,0.89,CD,1630975808
pontianak,-0.0333,109.3333,75.18,88,20,0.0,ID,1630975809
beringovskiy,63.05,179.3167,44.31,61,100,8.21,RU,1630975809
tacuarembo,-31.7333,-55.9833,61.18,85,100,14.67,UY,1630975809
opuwo,-18.0607,13.84,65.5,23,0,6.91,NA,1630975810
alexandria,31.2156,29.9553,71.56,78,0,0.0,EG,1630975515
kloulklubed,7.0419,134.2556,84.09,72,100,6.08,PW,1630975810
yar-sale,66.8333,70.8333,41.16,82,50,19.15,RU,1630975811
gizo,-8.103,156.8419,82.76,74,42,8.57,SB,1630975814
kosh-agach,50.0,88.6667,51.91,52,0,1.23,RU,1630975814
yumen,40.2833,97.2,71.19,15,0,9.26,CN,1630975816
beloha,-25.1667,45.05,65.53,55,0,7.07,MG,1630975817
ostrovnoy,68.0531,39.5131,40.17,82,100,21.0,RU,1630975817
ituango,7.1712,-75.764,63.93,99,100,0.27,CO,1630975818
kununurra,-15.7667,128.7333,73.38,20,2,17.27,AU,1630975818
sakakah,29.9697,40.2064,87.37,24,1,9.19,SA,1630975818
asfi,32.2994,-9.2372,72.7,68,1,6.15,MA,1630975819
shakawe,-18.3667,21.85,68.92,28,37,6.13,BW,1630975819
tuatapere,-46.1333,167.6833,47.82,95,100,12.68,NZ,1630975820
iquique,-20.2208,-70.1431,59.04,78,83,1.03,CL,1630975650
eltham,-39.4292,174.3,51.44,98,100,9.44,NZ,1630975820
lazaro cardenas,19.4558,-71.3261,83.01,69,0,6.67,DO,1630975821
urumqi,43.801,87.6005,68.95,37,0,6.71,CN,1630975821
zhezkazgan,47.8043,67.7144,60.49,39,0,8.41,KZ,1630975821
saint-denis,48.9167,2.3333,68.49,68,0,1.99,FR,1630975822
caranavi,-15.8167,-67.55,63.63,96,23,2.89,BO,1630975822
srednekolymsk,67.45,153.6833,38.21,74,100,15.17,RU,1630975823
port moresby,-7.0349,29.7638,75.54,43,7,5.64,CD,1630975695
inongo,-1.95,18.2667,66.78,98,99,6.6,CD,1630975823
santa maria,17.486,120.4348,83.73,72,61,1.99,PH,1630975824
nouakchott,18.0858,-15.9785,82.33,77,100,19.69,MR,1630975824
kang,-23.6752,22.7876,56.44,28,98,14.36,BW,1630975824
lompoc,34.6391,-120.4579,89.74,68,1,9.22,US,1630975825
floro,61.5996,5.0328,57.96,94,90,18.41,NO,1630975825
baijiantan,45.6333,85.1833,79.52,21,0,3.33,CN,1630975826
listvyagi,53.6772,86.951,57.0,73,78,1.54,RU,1630975826
rawson,-43.3002,-65.1023,55.45,70,100,5.37,AR,1630975645
rantoul,40.3084,-88.1559,79.25,61,90,4.61,US,1630975827
haines junction,59.2286,-135.4441,60.55,72,90,6.91,US,1630975827
taoudenni,22.6783,-3.9836,95.88,11,0,7.81,ML,1630975828
kieta,-6.2167,155.6333,85.55,67,55,6.98,PG,1630975829
poum,-20.2333,164.0167,72.52,78,2,22.53,NC,1630975829
glens falls,34.8662,-88.4139,73.81,76,1,0.0,US,1630975829
skibbereen,51.55,-9.2667,60.6,97,26,8.9,IE,1630975830
abilene,32.4487,-99.7331,90.09,57,1,6.91,US,1630975881
yulara,-25.2406,130.9889,60.64,33,0,21.85,AU,1630975882
neryungri,56.6709,124.6491,59.68,84,100,10.02,RU,1630975882
pangoa,-12.1167,-73.0,67.19,99,100,3.27,PE,1630975883
divnomorskoye,44.5011,38.1353,55.18,68,0,13.49,RU,1630975883
winona,43.9666,-91.7668,73.2,73,1,0.0,US,1630975861
najran,17.4924,44.1277,77.65,23,41,2.21,SA,1630975884
mnogovershinnyy,53.9353,139.9242,60.73,42,0,3.22,RU,1630975884
araouane,18.9048,-3.5265,95.04,28,0,9.08,ML,1630975885
santo antonio do sudoeste,-0.5854,-80.0049,69.48,93,100,2.55,EC,1630975885
nantucket,41.2835,-70.0995,72.09,88,1,12.66,US,1630975869
kashi,39.4547,75.9797,72.23,30,0,8.95,CN,1630975885
agadez,19.75,10.25,87.08,30,0,10.45,NE,1630975886
takoradi,4.8845,-1.7554,74.55,94,100,7.54,GH,1630975886
comodoro rivadavia,-13.6631,-59.7858,80.92,35,86,4.03,BR,1630975887
jaca,42.569,-0.5499,68.2,59,100,4.81,ES,1630975628
glasgow,55.8652,-4.2576,63.46,92,90,4.61,GB,1630975657
banda aceh,25.4833,80.3333,82.35,79,97,10.63,IN,1630975887
lata,40.1629,-8.3327,73.81,76,96,4.83,PT,1630975888
nanchang,28.6833,115.8833,78.82,75,35,11.25,CN,1630975888
camana,-16.6228,-72.7111,59.97,83,99,5.68,PE,1630975889
mokhsogollokh,61.4681,128.9203,55.27,47,90,4.16,RU,1630975889
rio gallegos,38.3,21.7833,69.71,53,0,9.08,GR,1630975651
esmeraldas,-19.7625,-44.3139,81.64,34,5,7.45,BR,1630975890
rantepao,-2.9701,119.8978,75.13,73,99,2.8,ID,1630975890
mbini,1.574,9.6134,76.15,90,100,5.03,GQ,1630975891
port lincoln,-7.0349,29.7638,75.54,43,7,5.64,CD,1630975644
suntar,62.1444,117.6319,51.93,63,100,5.32,RU,1630975891
sabang,5.8933,95.3214,82.02,72,59,2.21,ID,1630975892
khorramshahr,30.4397,48.1664,94.96,15,0,9.22,IR,1630975892
porto novo,41.1496,-8.611,69.96,86,40,1.01,PT,1630975597
bichura,50.5881,107.6022,42.33,80,99,2.82,RU,1630975893
